Barramento,Nivel_Hierarquico
1_rede2_1,0
660991,1
660961,2
660971,3
115521,4
116041,5
116051,6
116061,7
116131,8
655661,9
655671,10
659461,11
755951,12
755941,13
755931,14
755921,15
755961,16
16rl136,17
755971,18
755911,19
790081,20
793981,20
17932,20
16cf1699,21
mrt_793981trf_16_6122a,21
427371,21
17921,21
790091,22
et16_6122,22
16fr1100,22
17911,22
790021,23
17951,23
17891,23
790031,24
17961,24
610681,24
17881,24
790041,25
mrt_17961trf_16_1141a,25
610691,25
mrt_17881trf_16_3548a,25
7471,25
790051,26
et16_1141,26
721411,26
et16_3548,26
7461,26
mrt_790051trf_16_6019a,27
bt17971,27
uc1607278,27
mrt_721411trf_16_5055a,27
bt17891,27
uc1607276,27
7451,27
et16_6019,28
et16_5055,28
bt16971,28
bt17901,28
323751,28
uc1637704,29
bt610692,29
uc1638606,29
bt605391,29
uc1607277,29
323761,29
756101,29
bt610702,30
uc1627321,30
uc1633892,30
bt605401,30
641891,30
16cf1603,30
bt611441,31
uc1627342,31
uc1626490,31
641901,31
756111,31
641911,32
756061,32
641921,33
756041,33
641931,34
756051,34
641941,35
756071,35
641951,36
756081,36
7321,37
756091,37
mrt_7321trf_16_3545a,38
641961,38
mrt_756091trf_16_5666a,38
et16_3545,39
7311,39
et16_5666,39
bt7331,40
uc605914,40
7301,40
uc1635694,40
bt622661,41
7281,41
bt622671,42
7341,42
266141,42
bt622631,43
7361,43
et16_1143,43
266151,43
828101,44
bt679291,44
bt7351,44
553691,44
16cf1587,45
bt675551,45
bt366841,45
uc1607272,45
553701,45
7371,46
uc1633671,46
bt366851,46
553711,46
7381,47
7391,47
bt366861,47
553721,47
mrt_7381trf_16_6460a,48
7401,48
uc1605996,48
553731,48
et16_6460,49
358671,49
553741,49
uc1607273,50
uc1638954,50
358681,50
7241,50
358691,51
7231,51
et16_4687,52
553751,52
659541,52
bt642431,53
553761,53
et16_1142,53
553771,54
uc606150,54
553781,55
553791,56
553801,57
13961,58
13951,59
304531,59
553811,60
16cf249,60
553821,61
13941,61
13971,61
553831,62
mrt_13941trf_16_2916a,62
mrt_13971trf_16_1140a,62
14001,62
585541,63
et16_2916,63
et16_1140,63
14011,63
640591,64
553841,64
uc1621994,64
bt14001,64
bt13981,64
14021,64
640601,65
553851,65
bt14011,65
bt13991,65
6421,65
14031,65
640611,66
553861,66
bt14022,66
6431,66
mrt_14031trf_16_5474a,66
640621,67
553871,67
633781,67
et16_5474,67
799351,68
553891,68
mrt_633781trf_16_3904a,68
bt14021,68
uc1626486,68
16cf1875,69
13881,69
et16_3904,69
640631,70
750631,70
13871,70
uc1628760,70
640641,71
16cf1564,71
13861,71
640651,72
359211,72
13851,72
359221,73
750641,73
553901,73
mrt_359221trf_16_2428a,74
16cf1563,74
27781,74
et16_2428,75
308581,75
mrt_27781trf_16_1144a,75
27741,75
uc1609690,76
mrt_308581trf_16_4173a,76
et16_1144,76
71941,76
et16_4173,77
bt27741,77
bt27791,77
71931,77
uc1629639,78
bt27751,78
bt71941,78
bt27801,78
553911,78
bt665791,79
uc1607271,79
bt71931,79
uc1607268,79
71921,79
bt27761,80
bt617961,80
71911,80
uc1633896,81
bt617971,81
71881,81
uc1635060,82
553951,82
6cf1558,82
780441,83
71891,83
16cs245,84
mrt_71891trf_6_1145a,84
489071,84
553961,85
et6_1145,85
597401,85
71871,86
bt553931,86
bt71901,86
uc606148,86
597411,86
780431,87
bt71881,87
597421,87
71861,88
bt309341,88
bt376871,88
mrt_597421trf_6_3010a,88
780421,89
uc628757,89
bt376881,89
et6_3010,89
71851,90
uc1620360,90
bt597461,90
bt597431,90
uc622777,90
780411,91
bt597471,91
bt597441,91
71841,92
bt597481,92
bt597451,92
71831,93
bt302821,93
71821,94
71811,95
780401,96
71801,97
780391,98
71791,99
71781,100
71771,101
780381,102
71751,103
71741,104
mrt_71741trf_6_1139a,105
536711,105
et6_1139,106
71731,106
bt71751,107
13891,107
6cf1557,107
bt71761,108
13901,108
631721,108
uc606147,109
13911,109
mrt_631721trf_6_3224a,109
13921,110
et6_3224,110
11371,111
uc624033,111
642331,112
13931,112
6cf1044,113
6911,113
11381,114
10541,114
11391,115
11161,115
11401,116
11311,116
11411,117
11321,117
mrt_11411trf_6_1146a,118
489111,118
475881,118
11331,118
et6_1146,119
11441,119
475891,119
11341,119
bt11401,120
bt11421,120
uc606143,120
11451,120
475901,120
11351,120
bt597591,121
bt11441,121
615251,121
mrt_475901trf_6_3013a,121
11361,121
bt597601,122
uc622273,122
bt11451,122
615261,122
et6_3013,122
7271,122
bt71711,123
615271,123
bt475911,123
bt703851,123
11301,123
uc606141,124
615281,124
uc622714,124
bt703861,124
7221,124
mrt_615281trf_6_3012a,125
bt703841,125
71581,125
et6_3012,126
uc632613,126
481451,126
bt615271,127
bt615311,127
bt615291,127
602951,127
bt615261,128
uc628753,128
bt615301,128
603651,128
uc622270,129
603871,129
603371,130
603381,131
764471,132
6cs142,133
11291,134
mrt_11291trf_6_1138a,135
539631,135
et6_1138,136
11281,136
uc606139,137
uc636933,137
603891,137
75841,138
71591,139
608071,139
71601,140
6cs1206,140
71611,141
75851,141
71721,142
75861,142
536731,143
1261,143
71,144
369271,144
608841,145
61421,145
609191,146
61431,146
618011,147
61441,147
618021,148
61451,148
121,149
61461,149
376921,150
762111,150
61471,150
6cf654,151
762121,151
61481,151
311991,152
6rl1604,152
625391,152
61491,152
312001,153
675401,153
625401,153
61501,153
312011,154
675411,154
625411,154
61511,154
331881,155
809161,155
625421,155
10271,155
331891,156
rt762101,156
mrt_625421trf_6_3634a,156
10281,156
331901,157
762101,157
et6_3634,157
10291,157
599041,158
331911,158
675421,158
uc626698,158
10301,158
599051,159
489311,159
675431,159
800381,159
599061,160
331921,160
675441,160
800391,160
mrt_599061trf_6_3509a,161
mrt_331921trf_6_4161a,161
331931,161
675451,161
461472,161
et6_3509,162
et6_4161,162
331941,162
675461,162
461501,162
461491,162
et6_1177,162
uc626476,163
uc605808,163
331951,163
675471,163
et6_4661,163
800401,163
bt461491,163
uc623007,163
mrt_331951trf_6_1960a,164
331961,164
675481,164
800411,164
bt711881,164
uc605813,164
et6_1960,165
331971,165
675491,165
801531,165
bt332111,165
bt331941,166
bt331962,166
uc607377,166
331981,166
675501,166
6rl1818,166
uc607387,166
bt332021,167
331991,167
618031,167
801541,167
uc605989,168
mrt_331991trf_6_6394a,168
332001,168
171,168
703601,168
800421,168
et6_6394,169
421911,169
618041,169
et6_4925,169
800431,169
bt331981,170
bt332001,170
bt332031,170
332081,170
241,170
800441,170
bt331971,171
uc609685,171
uc609686,171
bt376811,171
bt332041,171
332101,171
251,171
181,171
800451,171
bt331961,172
bt332051,172
mrt_332101trf_6_3613a,172
337581,172
271,172
618061,172
800461,172
bt391341,173
et6_3613,173
et6_738,173
536681,173
281,173
6cf1113,173
800471,173
bt332061,174
bt106791,174
bt575631,174
uc609687,174
bt261,174
6cf1166,174
258061,174
369261,174
800481,174
bt332071,175
uc609683,175
uc625625,175
uc633056,175
bt106821,175
bt554561,175
164151,175
275601,175
191,175
800491,175
uc609684,176
bt624061,176
uc633672,176
164141,176
et6_4766,176
275591,176
201,176
800501,176
bt332011,177
164131,177
275571,177
211,177
800511,177
164121,178
275561,178
806791,178
800521,178
164111,179
275541,179
811221,179
800531,179
164101,180
275521,180
et6_4627,180
800571,180
800561,180
164091,181
60541,181
801211,181
10391,181
et6_6153,181
164081,182
442101,182
6fr1830,182
800581,182
bt10391,182
496851,183
60551,183
313521,183
800591,183
bt10401,183
uc605896,183
496861,184
60561,184
313511,184
800601,184
bt800551,184
uc605807,184
uc623433,184
uc605982,184
496871,185
60571,185
46621,185
10372,185
800611,185
bt197792,185
bt800541,185
496881,186
et6_1151,186
46611,186
313471,186
10381,186
800621,186
uc605809,186
uc607366,186
bt295341,186
uc637399,186
496891,187
bt60591,187
bt475871,187
bt60581,187
uc627336,187
uc605898,187
46601,187
313481,187
10411,187
800631,187
bt295361,187
uc623015,187
uc605990,187
uc699990,187
496901,188
uc622713,188
bt489321,188
46591,188
325871,188
10421,188
800641,188
bt474991,188
uc605812,188
uc605988,188
496911,189
64711,189
mrt_325871trf_6_1178a,189
11241,189
10431,189
801231,189
bt475001,189
uc627328,189
496921,190
820391,190
64701,190
et6_1178,190
11251,190
326341,190
326321,190
801241,190
uc626695,190
uc622703,190
496931,191
820401,191
64691,191
bt313491,191
mrt_11251trf_6_1475a,191
561861,191
326351,191
10441,191
801251,191
496941,192
820411,192
64681,192
bt313501,192
et6_1475,192
561871,192
330941,192
mrt_10441trf_6_1503a,192
801261,192
801461,192
496951,193
820421,193
64671,193
uc605810,193
bt11271,193
bt11261,193
561881,193
643161,193
330951,193
et6_1503,193
801271,193
6cf1829,193
496961,194
820431,194
64661,194
uc605803,194
uc625156,194
bt277501,194
uc605801,194
uc629428,194
561891,194
mrt_643161trf_6_3817a,194
mrt_330951trf_6_2887a,194
330961,194
bt326331,194
uc605804,194
801281,194
800721,194
496971,195
820681,195
64651,195
uc637705,195
561901,195
et6_3817,195
et6_2887,195
330971,195
uc607367,195
uc632016,195
uc631859,195
801291,195
800652,195
496981,196
6fr125,196
64641,196
561911,196
uc627344,196
bt442091,196
mrt_330971trf_6_2064a,196
801301,196
800661,196
60631,197
820441,197
64631,197
mrt_561911trf_6_3563a,197
uc621999,197
et6_2064,197
801311,197
800671,197
60641,198
618421,198
820451,198
64571,198
et6_3563,198
bt330981,198
uc607382,198
801321,198
800681,198
60671,199
618431,199
820461,199
24561,199
et6_737,199
bt638531,199
bt330991,199
801331,199
800691,199
60681,200
60661,200
820471,200
64561,200
bt681991,200
uc627337,200
801341,200
800701,200
60691,201
60651,201
820481,201
64551,201
bt64581,201
801351,201
800712,201
60701,202
et6_4764,202
820491,202
60751,202
bt64591,202
801361,202
et6_1504,202
60711,203
820501,203
60741,203
bt64601,203
801371,203
uc605806,203
60721,204
820511,204
44841,204
bt64611,204
801381,204
et6_4765,205
820521,205
44831,205
bt64621,205
801391,205
820531,206
44821,206
uc605902,206
801401,206
820691,207
44811,207
801411,207
820701,208
44801,208
801421,208
820741,209
820711,209
44791,209
801431,209
mrt_820741trf_6_1647a,210
820721,210
44781,210
801441,210
et6_1647,211
820542,211
44771,211
801451,211
uc605901,212
820551,212
44761,212
800732,212
820561,213
44751,213
731541,213
800741,213
820731,214
44741,214
et6_5085,214
800751,214
820571,215
44731,215
bt731551,215
uc605905,215
800761,215
820581,216
44721,216
bt731561,216
800771,216
820591,217
44711,217
uc605904,217
800781,217
820601,218
807741,218
800791,218
820671,219
6cs126,219
800801,219
820661,220
44701,220
800811,220
820651,221
44691,221
800821,221
820641,222
44681,222
800831,222
820631,223
44671,223
800841,223
820621,224
44661,224
800851,224
820751,225
44651,225
800861,225
6cf1965,226
44641,226
800871,226
820611,227
mrt_44641trf_6_4489a,227
44631,227
800881,227
et6_4489,228
44621,228
800891,228
uc630758,229
50181,229
800901,229
809361,230
357331,230
50171,230
800911,230
813661,231
6cf128,231
50161,231
800921,231
6cf1912,232
31661,232
50151,232
800931,232
809371,233
31671,233
50141,233
800941,233
809381,234
31681,234
50131,234
800951,234
809391,235
31691,235
50121,235
800961,235
809401,236
31711,236
14921,236
50111,236
800971,236
809411,237
43861,237
6cf953,237
50101,237
800981,237
809421,238
43871,238
689441,238
349291,238
50091,238
801031,238
801221,238
809431,239
43881,239
6cf1496,239
349301,239
mrt_50091trf_6_733a,239
50081,239
801041,239
6cf1828,239
809441,240
43891,240
689361,240
349311,240
et6_733,240
50071,240
801051,240
800991,240
809451,241
43901,241
689371,241
349321,241
bt33441,241
50061,241
801061,241
801001,241
809461,242
43911,242
689381,242
349331,242
uc605908,242
50051,242
801071,242
801011,242
809471,243
43921,243
689391,243
349341,243
50041,243
801081,243
801021,243
809481,244
278741,244
43931,244
689401,244
349351,244
50031,244
801091,244
et6_6249,244
809491,245
278771,245
43941,245
689411,245
mrt_349351trf_6_2417a,245
50021,245
801101,245
uc639280,245
uc637918,245
809501,246
278761,246
43951,246
689421,246
et6_2417,246
50011,246
822931,246
et6_6386,247
622561,247
43961,247
689431,247
uc605993,247
50001,247
6cs1960,247
mrt_622561trf_6_3508a,248
43971,248
mrt_689431trf_6_5472a,248
49991,248
801111,248
et6_3508,249
43981,249
et6_5472,249
mrt_49991trf_6_4704a,249
30721,249
801121,249
43991,250
uc634166,250
et6_4704,250
30711,250
801131,250
44001,251
uc631391,251
48201,251
801141,251
44011,252
24501,252
44401,252
801151,252
686731,253
6fr129,253
29721,253
801161,253
44601,254
765251,254
48211,254
29711,254
801171,254
44611,255
6cf1654,255
48221,255
29701,255
801181,255
et6_735,256
686741,256
48231,256
29631,256
801191,256
uc605909,257
686751,257
48241,257
24491,257
29621,257
801201,257
686761,258
48251,258
6cf130,258
29611,258
801471,258
686771,259
48261,259
29641,259
29601,259
60971,259
686781,260
48271,260
29651,260
2301,260
60961,260
686791,261
48281,261
29661,261
29591,261
21731,261
801501,261
686801,262
30451,262
29671,262
46631,262
24481,262
21721,262
16cf1889,262
686811,263
30461,263
29681,263
46641,263
6cf131,263
60341,263
60991,263
686821,264
30471,264
mrt_29681trf_6_1238a,264
46651,264
29581,264
60331,264
61001,264
et16_538,264
686831,265
30481,265
et6_1238,265
46711,265
et6_729,265
29571,265
60321,265
415981,265
uc1607255,265
686841,266
30491,266
bt29671,266
46721,266
bt46661,266
29561,266
31742,266
16cf691,266
686851,267
30501,267
uc606103,267
46731,267
uc606122,267
29551,267
22951,267
31731,267
61011,267
686861,268
30511,268
46741,268
37531,268
16cf179,268
30901,268
61021,268
686871,269
30521,269
46751,269
37521,269
713791,269
60121,269
30891,269
801511,269
61031,269
686881,270
30531,270
57491,270
659561,270
37511,270
et6_4998,270
60131,270
30881,270
16cf1888,270
61041,270
770071,271
30541,271
57501,271
37501,271
60141,271
30871,271
30911,271
61051,271
6cf1620,272
30551,272
57511,272
37491,272
et6_730,272
60151,272
30861,272
30921,272
61061,272
686891,273
30561,273
57521,273
371611,273
bt37511,273
bt37491,273
60171,273
30851,273
30931,273
61071,273
et6_5725,274
30571,274
824361,274
824351,274
37481,274
bt37521,274
bt371611,274
60181,274
et16_539,274
30841,274
30941,274
61081,274
30631,275
30581,275
824371,275
et6_727,275
37471,275
bt37531,275
bt37481,275
60241,275
bt60181,275
30831,275
801521,275
30951,275
et16_537,275
61091,275
30641,276
30591,276
824381,276
bt57541,276
560581,276
bt23131,276
bt37471,276
60251,276
bt60191,276
30821,276
16cf1887,276
30961,276
bt541511,276
61111,276
30651,277
30601,277
824391,277
uc606121,277
6fr521,277
uc606102,277
uc606101,277
60261,277
bt60201,277
30811,277
574241,277
45661,277
uc1607257,277
61121,277
30661,278
30611,278
824401,278
37461,278
60271,278
bt60211,278
48462,278
mrt_574241trf_16_3328a,278
45671,278
61131,278
30671,279
30621,279
824411,279
37451,279
60281,279
bt60221,279
48481,279
48451,279
807731,279
et16_3328,279
288361,279
61141,279
30681,280
et6_731,280
824421,280
37441,280
322621,280
60291,280
bt60231,280
48491,280
48421,280
et16_6312,280
uc1625170,280
31721,280
61151,280
30691,281
uc605911,281
824431,281
37431,281
337661,281
60301,281
797061,281
mrt_48421trf_16_2139a,281
48411,281
bt48472,281
mrt_31721trf_16_3996a,281
61161,281
30701,282
824441,282
37421,282
337671,282
33481,282
16cf1637,282
et16_2139,282
48401,282
uc1607355,282
et16_3996,282
61171,282
et6_732,283
824451,283
37411,283
337681,283
716001,283
797071,283
bt48451,283
bt48431,283
48391,283
bt450991,283
uc1607252,283
uc1607258,283
61181,283
uc605910,284
824501,284
824461,284
37401,284
574251,284
337691,284
720221,284
48501,284
bt48461,284
bt48441,284
48381,284
bt566341,284
43051,284
6cf133,285
824471,285
37391,285
574261,285
mrt_337691trf_16_2195a,285
720231,285
48511,285
bt424151,285
uc1607265,285
uc1632402,285
310331,285
uc1229546,285
mrt_43051trf_16_3221a,285
1871,286
824481,286
37381,286
et16_2195,286
724261,286
48521,286
uc1630759,286
48371,286
et16_3221,286
1881,287
824491,287
37371,287
uc1627323,287
724271,287
48531,287
356521,287
bt806241,287
uc1607357,287
uc1631852,287
1891,288
824511,288
827081,288
37361,288
724281,288
30731,288
48541,288
48361,288
uc637356,288
1901,289
824521,289
1951,289
822741,289
mrt_724281trf_16_5003a,289
30741,289
48551,289
309871,289
et16_1301,289
1911,290
824681,290
11431,290
822731,290
et16_5003,290
30751,290
48561,290
48331,290
uc1607358,290
et6_1030,291
6cf1963,291
6cs690,291
822721,291
uc1632306,291
30761,291
mrt_48561trf_16_6081a,291
48321,291
uc606114,292
824531,292
1961,292
822711,292
30771,292
et16_6081,292
48311,292
824541,293
1971,293
822701,293
mrt_30771trf_16_6082a,293
uc1607353,293
48301,293
et16_299,293
824551,294
1981,294
822691,294
et16_6082,294
48291,294
bt356531,294
bt48321,294
824561,295
1991,295
822681,295
bt30781,295
uc1607350,295
37761,295
bt356541,295
uc1607280,295
824571,296
2001,296
822671,296
bt30791,296
37741,296
bt360141,296
824581,297
2011,297
822661,297
bt819871,297
801491,297
bt37751,297
824591,298
2021,298
822651,298
uc1607349,298
801481,298
uc1607279,298
824601,299
2031,299
822631,299
16cs1827,299
824611,300
2041,300
822751,300
822621,300
37731,300
824621,301
61411,301
6cf1964,301
822611,301
37671,301
824631,302
7721,302
822641,302
822601,302
37651,302
37691,302
37681,302
824641,303
7761,303
et6_725,303
822591,303
37641,303
583991,303
824651,304
7771,304
bt61411,304
822581,304
37631,304
37702,304
824661,305
822381,305
7781,305
bt2041,305
822571,305
37621,305
73361,305
824691,306
6cf1953,306
7791,306
bt2051,306
822561,306
37611,306
37711,306
6cf2001,307
822391,307
7801,307
bt61391,307
822551,307
37601,307
824671,308
822371,308
7811,308
bt61401,308
822541,308
37591,308
et6_6496,309
7821,309
822531,309
37581,309
7831,310
822521,310
37571,310
7841,311
822511,311
37561,311
7851,312
822501,312
36971,312
7861,313
822491,313
mrt_36971trf_16_1095a,313
36961,313
7871,314
822481,314
et16_1095,314
36951,314
7881,315
822471,315
bt37551,315
bt37541,315
18581,315
7891,316
822461,316
uc1605991,316
uc1607282,316
18551,316
7901,317
822451,317
18541,317
et16_3130,317
7911,318
135312,318
18531,318
bt18561,318
bt18571,318
7921,319
135301,319
18521,319
uc1607284,319
uc1607285,319
uc1607283,319
320721,320
7931,320
134571,320
et6_2090,320
18511,320
6fr134,321
7941,321
134561,321
uc607384,321
18501,321
319031,322
7951,322
134551,322
mrt_18501trf_16_300a,322
27231,322
319041,323
320731,323
7961,323
134541,323
et16_300,323
27221,323
794731,323
319051,324
320741,324
7971,324
134531,324
bt18511,324
641791,324
72911,324
16cf1723,324
319061,325
320751,325
7981,325
134521,325
uc1607287,325
16cf1092,325
72901,325
27241,325
319071,326
320761,326
7991,326
134511,326
641731,326
72891,326
27251,326
319081,327
320771,327
8001,327
62931,327
134381,327
641741,327
72881,327
27261,327
319091,328
320781,328
62911,328
62941,328
24511,328
134391,328
641751,328
72871,328
27271,328
319101,329
320791,329
62921,329
62951,329
6cf248,329
134401,329
641761,329
72861,329
mrt_27271trf_16_5730a,329
319111,330
320801,330
et6_723,330
62961,330
134371,330
134411,330
et16_3997,330
72851,330
et16_5730,330
319121,331
320811,331
uc621171,331
62971,331
134361,331
134421,331
bt641771,331
uc1629422,331
72841,331
bt41891,331
uc1607289,331
319131,332
320821,332
62981,332
134351,332
134431,332
bt641781,332
uc1607288,332
72831,332
bt41901,332
319141,333
320831,333
62991,333
134341,333
325211,333
134441,333
uc1606000,333
72821,333
uc1607290,333
319151,334
320841,334
63001,334
134331,334
325221,334
134451,334
72811,334
722571,335
et6_4662,335
63011,335
et6_722,335
134321,335
mrt_325221trf_6_2860a,335
134461,335
3491,335
722581,336
758241,336
uc606117,336
134311,336
et6_2860,336
et6_1256,336
21711,336
3511,336
722591,337
6cs1614,337
75891,337
uc621168,337
bt765771,337
16cs243,337
3521,337
et16_1585,337
722601,338
758251,338
75881,338
bt325231,338
3471,338
3541,338
bt3521,338
bt3491,338
uc1607298,338
722611,339
758081,339
75871,339
uc627346,339
3461,339
3571,339
bt3541,339
bt3501,339
bt3471,339
722621,340
758091,340
148521,340
3451,340
3581,340
bt3571,340
uc1607299,340
bt3481,340
722631,341
758101,341
355141,341
148511,341
3441,341
544751,341
72071,341
bt617951,341
722661,342
722641,342
758111,342
6cf890,342
148501,342
3431,342
16cf1453,342
et16_301,342
722671,343
722651,343
758121,343
614171,343
133941,343
3421,343
549621,343
bt72081,343
bt3581,343
722681,344
et6_724,344
758131,344
614181,344
133931,344
3411,344
et16_3364,344
uc1607297,344
bt682001,344
bt617981,344
722691,345
uc606120,345
758141,345
610961,345
133921,345
3401,345
uc1607302,345
bt3591,345
uc1607292,345
722701,346
758151,346
610971,346
133911,346
3391,346
bt72061,346
722711,347
758161,347
mrt_610971trf_6_3142a,347
614821,347
133901,347
72031,347
uc1607291,347
722721,348
758171,348
et6_5711,348
et6_3142,348
614831,348
133891,348
56961,348
72041,348
722731,349
758181,349
uc635963,349
bt614851,349
bt614891,349
mrt_614831trf_6_3604a,349
614961,349
133881,349
56951,349
72051,349
722741,350
758191,350
bt614861,350
bt614901,350
et6_3604,350
614971,350
133871,350
56941,350
mrt_72051trf_16_302a,350
722751,351
758201,351
bt614871,351
bt614931,351
uc626699,351
614991,351
133861,351
56931,351
et16_302,351
722761,352
758211,352
bt614881,352
bt614941,352
uc622257,352
215261,352
133851,352
56921,352
bt72041,352
bt2501,352
722771,353
758221,353
bt614951,353
215271,353
133841,353
56911,353
bt72031,353
bt2511,353
722781,354
758231,354
uc622258,354
215351,354
214441,354
74721,354
bt2521,354
726581,355
758261,355
155721,355
214451,355
74741,355
74711,355
74761,355
bt2531,355
bt2541,355
725641,356
758271,356
580851,356
133791,356
et16_6318,356
74701,356
74771,356
et16_303,356
uc1607303,356
bt3361,356
4271,357
725611,357
758281,357
580881,357
133781,357
bt74751,357
uc1607304,357
74021,357
74781,357
445011,357
bt74721,357
bt74771,357
bt3371,357
4281,358
725621,358
758291,358
580891,358
133771,358
uc1607305,358
74011,358
337701,358
et16_2658,358
bt74781,358
bt3381,358
4291,359
725651,359
758301,359
580901,359
133761,359
74001,359
16cf181,359
uc1620373,359
bt74791,359
bt74811,359
63661,360
725661,360
758311,360
580911,360
151401,360
816861,360
74841,360
bt74801,360
bt74821,360
63671,361
et6_726,361
725671,361
758321,361
580921,361
151311,361
24521,361
16fr244,361
74851,361
uc1607308,361
bt74831,361
63681,362
725681,362
758331,362
580931,362
24531,362
151301,362
6fr139,362
73991,362
74861,362
uc1607306,362
63691,363
725691,363
758341,363
580941,363
6cf140,363
648931,363
151411,363
73981,363
74871,363
63701,364
725701,364
758351,364
580951,364
151321,364
6cf1155,364
133721,364
73971,364
74881,364
63711,365
725711,365
758361,365
580961,365
151331,365
151291,365
133731,365
73961,365
74891,365
63721,366
725721,366
758371,366
580971,366
643171,366
151341,366
151281,366
133741,366
73951,366
74901,366
63731,367
725731,367
758381,367
580981,367
mrt_643171trf_6_3818a,367
151371,367
151271,367
133751,367
73941,367
74911,367
63741,368
et6_5157,368
758391,368
580991,368
et6_3818,368
151391,368
151261,368
17991,368
73931,368
74921,368
63751,369
758401,369
581001,369
uc627343,369
mrt_151391trf_6_1445a,369
151251,369
18001,369
73921,369
74941,369
63761,370
758411,370
581011,370
et6_1445,370
151241,370
18021,370
et6_810,370
73911,370
74931,370
63771,371
758421,371
581021,371
bt151381,371
uc606130,371
uc628766,371
151231,371
18031,371
bt18011,371
63341,371
74951,371
63781,372
758431,372
581031,372
bt151371,372
151221,372
18041,372
uc606132,372
63331,372
74961,372
63791,373
758441,373
581041,373
bt151351,373
151211,373
18051,373
63321,373
74971,373
63801,374
758451,374
581051,374
bt151361,374
151201,374
18061,374
63311,374
75761,374
63811,375
758461,375
581061,375
151191,375
18071,375
62401,375
75771,375
63821,376
758471,376
581071,376
10881,376
18081,376
62391,376
342741,376
75781,376
63831,377
758481,377
581081,377
10851,377
10891,377
18091,377
62381,377
16cf182,377
75791,377
63841,378
758491,378
581091,378
10861,378
10841,378
10901,378
28561,378
62371,378
44261,378
56821,378
63851,379
758531,379
814201,379
581101,379
10871,379
10831,379
10911,379
28571,379
62361,379
44271,379
337711,379
56831,379
64731,380
758541,380
6cf1610,380
581111,380
et6_808,380
10821,380
10921,380
28581,380
61311,380
44281,380
337721,380
et16_4674,380
56841,380
64741,381
758551,381
758501,381
581121,381
uc606127,381
10811,381
10931,381
28591,381
61301,381
44291,381
56851,381
22991,382
et6_728,382
758561,382
758511,382
mrt_581121trf_6_3721a,382
330381,382
10941,382
28601,382
61291,382
44301,382
56861,382
23001,383
bt21331,383
bt21341,383
758571,383
758521,383
et6_3721,383
354301,383
132131,383
28611,383
61281,383
44311,383
56891,383
et11_305,383
23011,384
uc606109,384
bt21351,384
758581,384
et6_5712,384
10801,384
132181,384
132141,384
28621,384
61271,384
44321,384
56901,384
bt56871,384
23021,385
bt22981,385
758591,385
uc635543,385
uc635966,385
et6_1350,385
132191,385
132151,385
28631,385
61261,385
44331,385
814981,385
302141,385
bt56881,385
23031,386
uc606110,386
758601,386
uc606126,386
132201,386
132161,386
761661,386
28641,386
61251,386
44341,386
814991,386
302151,386
uc1607347,386
23041,387
758611,387
132211,387
761701,387
761671,387
28651,387
61241,387
44361,387
815001,387
302161,387
23051,388
758621,388
151151,388
et6_1262,388
761681,388
28661,388
61231,388
44371,388
815011,388
302171,388
23061,389
758631,389
151161,389
bt132171,389
761691,389
28671,389
61221,389
44381,389
815021,389
818951,389
302181,389
23071,390
758641,390
151171,390
uc606128,390
et6_5659,390
28681,390
61211,390
63251,390
et16_504,390
815121,390
818941,390
302191,390
23081,391
758651,391
151181,391
uc635550,391
28691,391
28751,391
61201,391
bt44371,391
bt63251,391
bt44391,391
uc1607326,391
11cf1908,391
818971,391
et11_4675,391
23091,392
758661,392
28701,392
28761,392
61191,392
bt44361,392
uc1607318,392
bt63271,392
bt63261,392
uc1607328,392
bt63231,392
815031,392
11cs1941,392
23101,393
758671,393
28711,393
28771,393
22021,393
bt44341,393
uc1607316,393
bt63281,393
bt63241,393
815041,393
818981,393
23111,394
758681,394
28721,394
28781,394
22011,394
bt44351,394
bt623101,394
815051,394
818931,394
23121,395
758691,395
806251,395
28791,395
22001,395
uc1607319,395
uc1626487,395
815061,395
818921,395
et6_1048,396
758701,396
28731,396
28801,396
21991,396
815071,396
818911,396
uc606111,397
758711,397
28741,397
28811,397
21981,397
815081,397
818901,397
758721,398
et6_6273,398
10731,398
21971,398
815091,398
818891,398
758731,399
bt619031,399
uc606123,399
uc637576,399
10741,399
21951,399
815101,399
818881,399
758741,400
bt619041,400
10751,400
61341,400
21941,400
815111,400
818871,400
758751,401
bt806261,401
10761,401
22931,401
21921,401
et11_131,401
et11_6443,401
818861,401
758761,402
uc623427,402
10771,402
11cf184,402
21911,402
bt21921,402
bt21951,402
818851,402
758771,403
10781,403
61351,403
21901,403
bt21931,403
bt21911,403
bt21961,403
bt61341,403
818841,403
758781,404
10791,404
61361,404
21891,404
uc1107340,404
uc1134165,404
bt21901,404
uc1132015,404
bt61351,404
818831,404
758791,405
mrt_10791trf_6_1260a,405
61371,405
21881,405
bt61361,405
818821,405
758801,406
et6_1260,406
42431,406
mrt_21881trf_11_4955a,406
21871,406
bt61371,406
uc1107330,406
818811,406
799921,407
758811,407
uc606124,407
42441,407
722851,407
et11_4955,407
21861,407
bt61381,407
818801,407
6cf1831,408
758821,408
42451,408
mrt_722851trf_11_4785a,408
bt21891,408
uc1107341,408
uc1131858,408
uc1130761,408
21851,408
818791,408
799881,409
758831,409
413151,409
42461,409
et11_4785,409
bt21902,409
21841,409
818781,409
799891,410
758841,410
417951,410
42471,410
uc1132012,410
21831,410
818771,410
799901,411
758851,411
42481,411
21821,411
818761,411
799911,412
758861,412
mrt_42481trf_11_132a,412
755641,412
21811,412
818751,412
et6_6197,413
758871,413
et11_132,413
755651,413
42491,413
21801,413
818741,413
bt823311,414
uc637360,414
758881,414
bt755641,414
bt42471,414
uc1137150,414
755661,414
253031,414
62141,414
21781,414
818731,414
bt823321,415
764522,415
bt42491,415
bt322201,415
mrt_755661trf_11_5652a,415
641011,415
62151,415
49521,415
818721,415
bt823331,416
uc639553,416
759032,416
bt42501,416
uc1121173,416
uc1107333,416
et11_5652,416
640981,416
62161,416
49511,416
et11_130,416
818711,416
759021,417
bt62131,417
mrt_640981trf_11_3987a,417
62171,417
49501,417
bt49531,417
bt21781,417
818701,417
uc1107334,418
et11_3987,418
62181,418
45681,418
bt49541,418
bt21791,418
818691,418
uc1138614,419
uc1132019,419
62191,419
48841,419
bt49551,419
uc1124340,419
uc1107345,419
uc1107342,419
818681,419
62201,420
48831,420
bt49561,420
818671,420
62221,421
48821,421
bt49571,421
818661,421
62231,422
48811,422
818631,422
62241,423
48801,423
818621,423
62251,424
48791,424
818611,424
62261,425
48781,425
818601,425
et11_6482,425
62271,426
48771,426
818591,426
uc1139390,426
62281,427
48761,427
818581,427
62291,428
48751,428
818571,428
62301,429
48741,429
818561,429
62311,430
48731,430
818551,430
et11_133,431
48721,431
818541,431
bt62321,432
48711,432
818531,432
bt62331,433
48701,433
818521,433
bt62341,434
48681,434
818511,434
bt62351,435
mrt_48681trf_11_2597a,435
48671,435
818501,435
et11_2597,436
48661,436
818491,436
bt48691,437
48651,437
818641,437
uc1105833,438
uc1124041,438
48641,438
11cs1939,438
48631,439
818651,439
48601,440
818481,440
48591,441
818471,441
26361,442
818461,442
mrt_26361trf_6_129a,443
22961,443
26351,443
818451,443
et6_129,444
6fr185,444
26341,444
818441,444
bt26371,445
bt48591,445
26411,445
26331,445
818431,445
bt26381,446
bt48601,446
26421,446
26321,446
818421,446
bt26391,447
bt48611,447
26431,447
26311,447
818411,447
bt250121,448
bt48621,448
26441,448
10641,448
818401,448
bt26401,449
26451,449
626991,449
818391,449
uc605834,450
uc605835,450
26671,450
709151,450
10631,450
818381,450
26681,451
mrt_709151trf_6_3256a,451
10601,451
818371,451
26691,452
et6_3256,452
10591,452
818361,452
26701,453
bt26451,453
bt26661,453
10581,453
818351,453
26711,454
bt26671,454
uc605836,454
10571,454
818341,454
26721,455
bt26681,455
mrt_10571trf_6_128a,455
10561,455
818331,455
26731,456
et6_128,456
69271,456
818321,456
26741,457
bt10561,457
bt10581,457
806231,457
69261,457
818311,457
26751,458
26881,458
bt69271,458
bt10591,458
6cf1852,458
69251,458
818301,458
26761,459
26891,459
bt10501,459
bt10601,459
10521,459
69241,459
818291,459
26771,460
26901,460
bt10511,460
bt10611,460
10531,460
69231,460
818281,460
26781,461
26911,461
uc605828,461
uc605827,461
bt10621,461
10551,461
69221,461
818271,461
26791,462
26921,462
mrt_10551trf_6_6272a,462
69211,462
818261,462
mrt_26791trf_34_1018a,463
26931,463
et6_6272,463
69201,463
818251,463
et34_1018,464
37771,464
bt806211,464
uc605829,464
69191,464
818241,464
bt26801,465
bt26781,465
mrt_37771trf_34_1649a,465
37781,465
bt806221,465
69181,465
818231,465
bt26811,466
bt26771,466
et34_1649,466
37791,466
uc637912,466
69171,466
818221,466
uc3405838,467
bt26761,467
bt37781,467
37811,467
69161,467
818211,467
bt26751,468
bt37791,468
37821,468
69151,468
818201,468
bt26741,469
bt37801,469
37831,469
69141,469
818171,469
bt26881,470
uc3405843,470
37871,470
37841,470
69131,470
818181,470
uc628768,471
37881,471
37851,471
66431,471
11cs1947,471
37961,472
37891,472
mrt_37851trf_34_5029a,472
66441,472
66421,472
818191,472
37971,473
37901,473
et34_5029,473
596121,473
66451,473
66411,473
818161,473
37981,474
37911,474
bt37861,474
mrt_596121trf_6_3434a,474
792841,474
66401,474
818151,474
48581,475
676901,475
37921,475
uc3405844,475
uc3405845,475
et6_3434,475
6fr180,475
66391,475
818141,475
mrt_48581trf_6_1019a,476
326211,476
34cf1358,476
37931,476
uc605825,476
792851,476
66381,476
818131,476
et6_1019,477
326241,477
614771,477
37941,477
66461,477
65661,477
818121,477
bt37981,478
uc3422597,478
uc3405847,478
uc3435739,478
uc3432407,478
326221,478
618981,478
37951,478
66471,478
mrt_65661trf_6_125a,478
65601,478
818111,478
bt37991,479
bt37971,479
326231,479
618991,479
mrt_37951trf_34_1581a,479
676541,479
66481,479
et6_125,479
65591,479
818101,479
bt48571,480
uc3405987,480
bt37961,480
597571,480
619001,480
et34_1581,480
676551,480
66491,480
bt65601,480
65581,480
818091,480
bt37881,481
597581,481
619011,481
uc3405846,481
676581,481
66501,481
et6_3011,481
bt65591,481
bt65611,481
65571,481
818081,481
bt37871,482
mrt_619011trf_34_5142a,482
mrt_676581trf_34_5260a,482
627001,482
bt475931,482
uc624028,482
bt65581,482
bt65621,482
74211,482
818071,482
bt37831,483
et34_5142,483
et34_5260,483
627011,483
bt475941,483
uc605859,483
bt65631,483
74201,483
818061,483
uc3422706,484
uc3425629,484
uc3433894,484
66511,484
bt475951,484
uc622720,484
bt65641,484
74191,484
818051,484
66521,485
bt475961,485
bt65651,485
74181,485
818041,485
66531,486
uc622267,486
uc605873,486
74171,486
818031,486
627021,487
74161,487
818021,487
66541,488
74031,488
818011,488
66551,489
74041,489
13651,489
818001,489
66561,490
74131,490
13641,490
817991,490
66571,491
et6_3819,491
74141,491
et6_124,491
10031,491
817981,491
66581,492
bt66551,492
bt66571,492
uc625624,492
uc605821,492
uc639277,492
uc630753,492
74151,492
bt74051,492
bt74061,492
bt74141,492
68341,492
817971,492
8891,493
66591,493
bt66541,493
uc605823,493
bt66581,493
bt74041,493
bt74091,493
uc605864,493
bt74151,493
uc607385,493
uc605985,493
6fr183,493
817961,493
8901,494
66601,494
bt627021,494
bt74031,494
bt74071,494
uc622722,494
uc605865,494
bt74081,494
uc605867,494
322611,494
817951,494
8951,495
8911,495
66611,495
bt66531,495
bt74161,495
uc605863,495
uc638617,495
bt74101,495
68331,495
817941,495
8961,496
mrt_8911trf_6_3820a,496
66621,496
bt66521,496
bt74171,496
bt33461,496
bt74111,496
68321,496
817931,496
796401,497
8971,497
et6_3820,497
66631,497
bt66511,497
uc623004,497
bt74121,497
814581,497
817921,497
et6_6158,498
8981,498
bt8901,498
bt8921,498
66641,498
814591,498
817911,498
uc637397,499
8991,499
bt8891,499
bt8931,499
bt8941,499
308601,499
814601,499
817901,499
9001,500
bt66582,500
uc605822,500
uc605820,500
474641,500
68201,500
817891,500
9011,501
474661,501
68211,501
68191,501
817881,501
9021,502
mrt_474661trf_6_3019a,502
68221,502
68181,502
817871,502
9031,503
et6_3019,503
68231,503
68171,503
817861,503
mrt_9031trf_6_3538a,504
662561,504
9671,504
9081,504
bt743931,504
bt474641,504
bt474671,504
uc622709,504
mrt_68231trf_6_1344a,504
68161,504
817851,504
et6_3538,505
9041,505
9681,505
9091,505
bt743941,505
bt8871,505
bt474681,505
et6_1344,505
68151,505
817841,505
uc626678,506
9051,506
9691,506
620961,506
326251,506
bt8881,506
bt68251,506
68141,506
817831,506
9061,507
et6_4910,507
9701,507
9101,507
mrt_326251trf_6_4249a,507
uc605824,507
bt68261,507
71191,507
817821,507
9071,508
uc632607,508
9731,508
9111,508
et6_4249,508
bt68271,508
uc623432,508
71201,508
71181,508
817801,508
mrt_9071trf_6_1870a,509
9741,509
mrt_9111trf_6_127a,509
bt9091,509
bt326261,509
71211,509
71171,509
817791,509
et6_1870,510
9751,510
et6_127,510
bt9081,510
uc609688,510
71221,510
71161,510
817781,510
uc605817,511
609121,511
et6_1541,511
bt9121,511
bt9101,511
uc605855,511
uc605819,511
71231,511
33471,511
817771,511
69101,512
bt609121,512
bt9131,512
bt620961,512
uc639387,512
71241,512
51411,512
817761,512
69111,513
bt69101,513
bt9141,513
bt9092,513
71261,513
51421,513
51401,513
817751,513
751701,514
bt33451,514
bt356501,514
mrt_71261trf_6_1212a,514
71291,514
51431,514
51391,514
817741,514
et6_5595,515
uc605816,515
uc609682,515
et6_1212,515
71301,515
51481,515
51381,515
817811,515
uc605815,516
uc635862,516
bt71242,516
bt71281,516
bt71271,516
71311,516
51491,516
51371,516
817731,516
bt71231,517
bt71251,517
bt71291,517
uc605921,517
71321,517
51501,517
51361,517
817721,517
71331,518
51511,518
51351,518
817711,518
mrt_71331trf_6_1213a,519
71111,519
51341,519
817701,519
et6_1213,520
71121,520
70261,520
817691,520
bt71341,521
71131,521
70251,521
817681,521
bt71351,522
71141,522
43121,522
817671,522
uc605915,523
71151,523
43111,523
817661,523
et6_122,524
610401,524
817651,524
uc605970,525
6cf199,525
817641,525
43101,526
817631,526
44071,527
817621,527
44081,528
817611,528
44091,529
817601,529
44101,530
817591,530
44111,531
817581,531
44121,532
817571,532
44131,533
817561,533
44141,534
817551,534
44151,535
817541,535
44161,536
817531,536
44171,537
817521,537
44181,538
817511,538
44191,539
817501,539
3221,540
817471,540
616141,541
3231,541
817461,541
mrt_616141trf_6_3507a,542
mrt_3231trf_6_878a,542
817451,542
et6_3507,543
et6_878,543
817441,543
uc626481,544
uc605884,544
817431,544
817421,545
817411,546
817401,547
817391,548
817381,549
817371,550
817361,551
817351,552
817341,553
817331,554
817321,555
817311,556
817301,557
817291,558
817281,559
817271,560
817491,561
817261,562
817251,563
817241,564
817231,565
et12_6578,565
817481,566
bt825611,566
817221,567
bt825621,567
817211,568
uc1239552,568
817201,569
817191,570
817181,571
817171,572
817161,573
817151,574
817141,575
817131,576
817121,577
817111,578
817101,579
et12_6577,579
817091,580
bt825631,580
815721,581
815711,582
815701,583
815691,584
815681,585
818991,586
12cs1935,587
819001,588
815671,589
815661,590
815651,591
815641,592
815631,593
815621,594
815611,595
815601,596
815591,597
815581,598
815571,599
815561,600
815551,601
815541,602
815531,603
815521,604
815511,605
815501,606
815491,607
815481,608
815471,609
815461,610
815451,611
815441,612
815762,613
