bus;reduction
50101;0.6504935463893631
74721;0.650468383641087
822371;0.6489288326155815
824351;0.6487051776347528
7761;0.6467304333438904
37521;0.6465131738131369
44661;0.6450189672460027
72811;0.6449458456796187
824681;0.6447186695814082
44651;0.6426858817540584
18551;0.641183430031532
36971;0.6396014680459778
37501;0.6395749433823958
320781;0.6381022673741263
37761;0.6348964658225995
37741;0.6336889522082565
37691;0.6336360820527709
320841;0.633613258456883
30451;0.6310632270995065
583991;0.630479527686699
63341;0.6295260728772689
30851;0.6289370433849655
30841;0.6277707462258988
18501;0.6236347465697563
319101;0.6216777861362139
30721;0.6198884970995628
801081;0.6189013918214812
50111;0.6168838422682548
801071;0.6168130727205359
800961;0.6160338665720744
824671;0.6160128526437383
50151;0.6156826884409057
7791;0.615049351179394
48291;0.614041398664142
37531;0.6139405228982753
800951;0.6138958789394167
37361;0.6133781716611146
800871;0.6126903952387366
337711;0.6117639408743472
44001;0.6107489884269022
800851;0.610111298534445
820481;0.6097598723161148
44701;0.6092938681725464
820461;0.6091344927369562
30861;0.6068539877634471
818741;0.6027999698735123
818731;0.6009079486048066
48281;0.600096037016769
818661;0.5985478339169426
822641;0.5979675341054076
61191;0.5969962958002775
818631;0.596551708254804
801091;0.5959239211570164
799921;0.5934298130687736
820561;0.5932963450178406
820542;0.5929726515447378
800971;0.5925911864563105
801541;0.5920140189649636
800411;0.5919790524196245
675481;0.5918345474868758
319091;0.5907487205386879
30611;0.5906725588605397
801531;0.5898999240848717
461491;0.5891233706730965
37391;0.588614367650397
800861;0.5878367799350563
61201;0.5857590619357289
818751;0.5851257476035912
799901;0.5837133656052416
6cf2001;0.5820419771561696
818671;0.5808393935438403
rt762101;0.5792358333233523
43991;0.5788825300559104
820471;0.5781583539579565
61461;0.5746520863583875
48301;0.5737676274261183
822501;0.5728013590928036
818221;0.5721996257282669
536681;0.571428531002617
818211;0.5699598748584229
48391;0.5699482937794791
7861;0.5673432842413568
822491;0.5672877111979595
60641;0.5660636622017456
818121;0.5656097031289598
30871;0.5649578576613798
6rl1818;0.5644730545221108
6cf1964;0.5643653603559251
800401;0.5638786068829198
818111;0.5634434034470743
675501;0.5633262809936426
820551;0.5614697955284775
6cs126;0.5605585932548252
758801;0.5590670744106205
45681;0.5588227557074497
818851;0.556750431408453
818231;0.5543711163481184
818001;0.5542829700520286
43871;0.5536271830894179
822931;0.5532765853717336
48821;0.552955759876145
818761;0.5515382599728724
302191;0.551144341235215
49501;0.5499034009585984
6cf1828;0.549419623049495
818131;0.5481032971458255
37401;0.5437043289273014
4281;0.5419651768156442
822511;0.5411054550053116
74921;0.5366097335429991
369271;0.5363445170402983
73931;0.5339545112972743
442101;0.5333319606427018
817671;0.5303470658046479
134341;0.5289596958136045
818351;0.5289187032985225
21821;0.5280502141852814
800521;0.5237206189416774
134331;0.5233343576072826
44301;0.5232173140093082
641761;0.5230594023887818
817561;0.5221049382969838
164131;0.5212195889487212
818241;0.5209270866694595
817551;0.51994469087834
60631;0.5188837424701376
800421;0.5173829276608721
818141;0.5147391787108972
48321;0.5139482197519527
817681;0.5127836871965776
75871;0.5119949494175877
675491;0.5116145102153133
817381;0.5105763502919771
820731;0.5098219321653445
48401;0.5097327250042092
42451;0.5090667271394835
817371;0.5084451165747303
818861;0.5069910216862787
50041;0.5064711577801226
7851;0.5055338726612391
822571;0.5053357572890889
817571;0.5045557259630762
30881;0.5036006754149085
63821;0.5027363454699874
60261;0.5026148325543538
818771;0.5019078528491541
60271;0.5001212005001783
10571;0.4968912696609742
822521;0.4966937760303942
44721;0.4938319943520284
818611;0.4937115274786805
817391;0.49295175878716435
801101;0.4904770945475221
43861;0.4902866305453806
62261;0.4875063998210365
815661;0.4855019521713544
815641;0.4847327223640612
800991;0.4847007838381998
1261;0.48431383915136905
815651;0.4838538515281634
62291;0.4831741892152799
815631;0.48262512629440124
1911;0.4819342131417095
21841;0.48166078275044555
62301;0.48092497783565946
21831;0.48047561612034784
817691;0.47905627756754754
818361;0.4790424915476592
23031;0.4777793573212925
69161;0.4742166138449022
62251;0.47394821257156394
23041;0.4716329501134986
818251;0.47143420417059545
817581;0.4709664369340345
63811;0.470911657424427
71731;0.46835194796446444
815671;0.4679987680564608
758501;0.4656181204669032
818151;0.4652748126757267
66411;0.45925805772794703
817401;0.4591455119899024
63671;0.45894187298268463
134381;0.45804936477591696
61371;0.4578609383092562
69271;0.4577464148609387
66421;0.4561461781384182
66381;0.45284775875954963
815762;0.45214616996230106
164151;0.45194785331668186
164141;0.4518733713077978
800431;0.44999046327078673
66391;0.44858620791005066
69211;0.44744284380290367
30661;0.4453900033376783
822581;0.44494329173299363
65601;0.44232109988502444
30921;0.4419346482376234
820571;0.441741015539062
1871;0.4372609340551108
822531;0.4358458316589022
818991;0.43452640835037215
817701;0.4295015565846789
61481;0.42948638877835776
26321;0.4283369583582832
66561;0.4260021416180422
68321;0.4238780092138654
814581;0.42211884057836
817591;0.42141142517687413
66481;0.42079151130153036
66491;0.4183847941786851
815441;0.4178580845300104
71871;0.4167209790140589
536731;0.416289540885046
553951;0.41271271484499295
10831;0.4122033975433119
64731;0.4120158632930533
817411;0.4092974359538353
814601;0.4064386402378126
4271;0.4061936829088708
69221;0.40226101414786797
132151;0.40100111705804053
134511;0.3977086273015331
61361;0.3962457353373239
417951;0.3892084242012537
553961;0.3852932988698363
815701;0.3852192274664361
51431;0.38204213599956205
133721;0.3807301213696235
132191;0.3793511758417125
10521;0.3778974528372032
10531;0.37778769221449693
132201;0.3757821587444212
132161;0.3756672713860034
28751;0.37457045762235097
48541;0.37247339772352106
48531;0.3712668971408206
28761;0.3705408919316966
814591;0.3701902080540833
65661;0.36980963969474345
28771;0.3689627537459437
30761;0.36886324373702095
815451;0.36837122891055785
28801;0.3668763827746204
6cf130;0.36601024495823964
6cf133;0.3655662839899918
28811;0.36281691643873515
1901;0.36026107856477196
806231;0.36010613114767054
349351;0.35412913654417366
68231;0.3536240923293583
48551;0.34714311645365825
51421;0.3451729051955965
61011;0.3432370556848312
28791;0.337942380502394
26721;0.33128408190687963
71121;0.33079060371786895
74911;0.3300410978974462
16cs245;0.33001056931843564
755661;0.3266097310946634
73941;0.3264925929483766
599061;0.32263381686211545
37821;0.32222654237202164
151411;0.32109147041445496
331941;0.31775192529245544
16cf691;0.3168358205717787
48581;0.3165751900109406
820741;0.31642465859262003
133741;0.3133122695493604
326221;0.31318589003887354
72911;0.3097771107704297
mrt_21881trf_11_4955a;0.30809683714452163
10551;0.30786640177020885
18001;0.306711484061875
643161;0.3054193122571647
18021;0.3047326335307545
818871;0.3032842552436641
71751;0.3030970341968455
51361;0.3027130636706836
37791;0.30059641576850993
37811;0.2997808990177866
818781;0.298182876329502
751701;0.2972306210215976
30731;0.2938930686299237
580991;0.2925335758121044
48561;0.2921253292884245
643171;0.29183093917650993
580981;0.29139232526279457
326241;0.29101702345989366
28781;0.2890081921763752
37621;0.2868907475110092
3231;0.2848597011342484
266141;0.28395012249115226
337691;0.28208154766020854
10851;0.2818835991188031
51381;0.28139038280594164
21851;0.280995532206088
48331;0.27783478207398815
818371;0.27546875069659293
48411;0.27073009347712684
48421;0.2699191103332552
mrt_10571trf_6_128a;0.2686677188793922
818261;0.2677740263281976
mrt_349351trf_6_2417a;0.26333566094482563
57521;0.2632121550185538
1951;0.26309923527738377
818161;0.26163596766677344
mrt_68231trf_6_1344a;0.26157704848265695
31721;0.2601532299803928
581001;0.2600630821063703
308581;0.2574219994780229
29551;0.2568840733383979
61061;0.25554672524058475
mrt_48681trf_11_2597a;0.25384980348513153
50051;0.25366041683569307
7311;0.24621055995422125
319081;0.24374671282877713
801111;0.2429102020368532
331891;0.240817883881423
mrt_36971trf_16_1095a;0.23963719333955424
807741;0.2366716241945852
73981;0.23442135186078872
26331;0.23320724792228376
801001;0.2327928214246171
731541;0.22903298962419427
44801;0.22758728547820795
6cf1610;0.22658135517183098
817711;0.22559912957872896
44071;0.22464614651844172
mrt_18501trf_16_300a;0.2228033486697214
817601;0.2175285948365442
mrt_610971trf_6_3142a;0.21726354795170622
7451;0.2098067641686363
818881;0.20875528057574755
mrt_48581trf_6_1019a;0.2086177983262445
mrt_10791trf_6_1260a;0.207100723432859
817421;0.2052406311266317
mrt_599061trf_6_3509a;0.20424181316199252
818791;0.20346039148065032
822591;0.20254001989287929
mrt_643171trf_6_3818a;0.20231155959383784
581011;0.20195465010996116
801231;0.20004555312592487
69171;0.19955863046288158
581041;0.19883058189214253
756091;0.198728250875309
30651;0.19704923023408227
116131;0.19629815011054674
116061;0.19552160260294116
11381;0.19487340732018055
mrt_3231trf_6_878a;0.19386060528958993
800531;0.19326945606938395
822541;0.19300884788820838
817241;0.19285037387916049
21861;0.18979286202726087
7371;0.18912893876511205
74861;0.1852185780234734
800441;0.1843524992256178
74881;0.18388697809028542
641961;0.18316718964037904
800571;0.18279859208430338
164091;0.18243216651370986
818381;0.18106111300015115
815711;0.18095679596314795
mrt_755661trf_11_5652a;0.18093087422490228
37631;0.17979497359337415
820581;0.17925316410368808
61051;0.1741753613730168
818271;0.17332636612672303
56841;0.17096921830376388
337581;0.1708435867534135
309871;0.1696576435276178
725641;0.1684950210388898
818181;0.1673244062697279
597421;0.1666743097193084
mrt_820741trf_6_1647a;0.16633544937438316
116051;0.16482680027290542
815461;0.16429963148449644
48451;0.16047382325849568
22001;0.1577375214389285
818891;0.15637970744897345
mrt_643161trf_6_3817a;0.1560189081445671
21971;0.15529698796864366
61471;0.15364798857686068
818801;0.15107299971941757
331931;0.15015101371822936
320731;0.1486878699904679
827081;0.1484944667496002
824361;0.1481202786929252
7461;0.14585897801728365
641751;0.1458231721437393
640631;0.1454630941390711
815101;0.1443664174616437
553771;0.14374724663979777
44111;0.14366048629918282
815111;0.14312282059017178
mrt_10551trf_6_6272a;0.13932004636676965
61421;0.13924280671495026
mrt_308581trf_16_4173a;0.1361631351183803
62141;0.13325109047568873
801121;0.13142776556928126
817721;0.1310810588923843
818391;0.1285546564325557
6cf1912;0.12656984495157175
817611;0.12302160678845908
818281;0.12106854816109447
mrt_48561trf_16_6081a;0.11830403396418276
801011;0.11814852656249641
44711;0.11792776294918283
581031;0.11733766611522967
mrt_337691trf_16_2195a;0.11559975738916606
818171;0.1142963813543929
63841;0.11375893557338301
43891;0.11279090474951303
69181;0.11226020636673084
48361;0.1094896962719325
356521;0.10908272980639921
mrt_756091trf_16_5666a;0.10726987479847239
44811;0.10688686107759438
16cf1587;0.1040825551430018
116041;0.09993761699050552
1_rede2_1;0.09219512185362788
mrt_31721trf_16_3996a;0.09210399481427345
30941;0.0912585275819211
822601;0.09049470870628795
817111;0.0884387183755102
817091;0.08648863659979256
815721;0.0860567161612309
801241;0.08282104677110524
822551;0.08050881533548804
817741;0.07964196207321095
60561;0.078766718166424
800581;0.07652896463143222
30681;0.07308375329063921
133731;0.07265565866118706
801131;0.07081168680281635
817621;0.07074558530351993
2041;0.06963885184825358
815471;0.06963313203027255
824371;0.06956201370923765
7951;0.06937460671524676
29631;0.06624902147151701
800451;0.06499671109441252
48201;0.06367526911408916
275601;0.06305526370183401
164101;0.059629696755152395
800981;0.05935590818754122
18031;0.058914080531511814
820601;0.05837210102387047
319061;0.05777793072202542
50071;0.05769469692775786
16cf1875;0.05738864195843618
14001;0.053571689132962064
6cf128;0.05093217521967475
6431;0.05002472858648943
151191;0.043873920122397436
10881;0.04135164683357573
51391;0.03817938512301566
43881;0.036498496979106676
8891;0.03618211858460185
817101;0.03428271189093479
815681;0.03089120961681502
809471;0.02861746901740503
725731;0.028139232543711756
43931;0.027973223449013318
659461;0.023869898244168297
10811;0.022102694275297097
64571;0.01942878422968164
801251;0.016522716314646857
822611;0.014526528523624904
800591;0.009921019371780915
30631;0.007888941053096232
822561;0.004196765708929462
63831;0.002962148128148101
660971;0.002120399914385729
780381;0.0007960310834107531
75841;-0.00019197932543590923
800461;-0.0022995131170802097
9751;-0.004123214653471763
64741;-0.007361923362342537
258061;-0.014535088813968144
mrt_597421trf_6_3010a;-0.014836643725026022
133841;-0.016479257892779486
820591;-0.01913018277122447
135301;-0.02015970438376513
48521;-0.02441328431531531
806791;-0.03853069253232633
68191;-0.048562423732615656
18041;-0.057184418370983536
71161;-0.06323728269567752
151201;-0.06715935047749966
71591;-0.07152258573273329
48481;-0.0798206827078225
48501;-0.08273655533457713
48511;-0.08404377991141843
10821;-0.08573907465397568
133851;-0.09080286174951624
640981;-0.10986403654893095
596121;-0.11959801685970461
71111;-0.12422973660011394
71771;-0.13524410479741178
18051;-0.13617812482199199
71211;-0.1417237000050804
10441;-0.14881677359554502
44101;-0.15632028368221285
553761;-0.18709101193984878
151391;-0.1875507126096636
553751;-0.19027921617705346
581021;-0.19946564784020637
71781;-0.21268292767377517
mrt_65661trf_6_125a;-0.22438482217401656
30771;-0.23791918875574325
24491;-0.255365375364061
26891;-0.25857764642807624
14921;-0.26142426422459764
37901;-0.2703311870894005
37941;-0.27477849824352063
51351;-0.2792769269065474
16fr244;-0.279427667328747
63331;-0.2823668189811066
799351;-0.28510096650449057
61251;-0.2873627335136817
7471;-0.29067855224377936
71931;-0.2932397389769754
21881;-0.29386023535763073
278771;-0.29430872550220855
330961;-0.3002360938619901
48681;-0.31156993604685823
3491;-0.312317407775236
26411;-0.3128423686637589
3511;-0.31429241369289684
mrt_48421trf_16_2139a;-0.315368393644583
818721;-0.317654990298621
332101;-0.32788492937632796
655671;-0.3286072317218327
818651;-0.32915419927124745
37961;-0.3316439911135447
580971;-0.33410473433104926
mrt_640981trf_11_3987a;-0.33458596054460443
17961;-0.3416713890415366
mrt_596121trf_6_3434a;-0.3426514340018336
818201;-0.34919913726394114
660961;-0.35239013350687287
818101;-0.355768305745503
724281;-0.3557891894269538
330941;-0.3625339557866383
817991;-0.36508089974790536
625391;-0.37065627879794505
7281;-0.37100337939277495
7401;-0.3797594771082764
mrt_10441trf_6_1503a;-0.3811098835359097
489311;-0.38690707280563785
37731;-0.3870020051588554
mrt_30771trf_16_6082a;-0.39515373114867813
151371;-0.3994800517136383
817541;-0.39984642386644254
9681;-0.4011869158727883
580961;-0.40848148491296854
817361;-0.4112819323839112
30831;-0.4187526288725181
mrt_151391trf_6_1445a;-0.4187695000824725
581121;-0.42363492585278806
640621;-0.4331841682314064
74851;-0.43583032772366437
74871;-0.4369728196541409
815621;-0.437579184143555
22011;-0.43977933112987344
14021;-0.44009318137414155
21981;-0.4403020366186645
56831;-0.4457833835933478
7391;-0.4511494449871627
815121;-0.4594487815855324
818901;-0.4613348028837585
818811;-0.4667438499687435
801051;-0.47166888640217763
800941;-0.48218839060212204
320791;-0.4838699097357768
818401;-0.4895354026251866
62911;-0.4897694377747541
mrt_332101trf_6_3613a;-0.4928013200561452
818291;-0.4967289174552505
800841;-0.4975069089009345
758161;-0.49787969641255003
641741;-0.5010631173373419
14011;-0.5120323639116293
633781;-0.5154426532447047
66581;-0.515980626844474
17881;-0.5165250408737627
824661;-0.5196314794410242
822741;-0.5209903972637804
44671;-0.5215934144010568
44681;-0.5228327283122383
44731;-0.5291914220756944
817841;-0.5319903756791504
799891;-0.5356742306224014
42461;-0.536997019017182
42471;-0.5382816146718739
817751;-0.5383755883058825
43971;-0.5426258521426561
817631;-0.54745449725851
44311;-0.5555008396621481
48311;-0.5600375423652295
822481;-0.5615647332954765
48371;-0.5704503395563663
820451;-0.5728108486110948
134551;-0.5784946038162886
800381;-0.5810228509845636
48462;-0.5827918587764351
mrt_17961trf_16_1141a;-0.5830412826310507
817121;-0.5834712482614144
68201;-0.5853845830198026
820721;-0.5862212016807433
275561;-0.5862694983201777
815691;-0.5876265851187519
71191;-0.5971400205753348
191;-0.60670322349781
71151;-0.6255510878590727
801141;-0.6299040101510549
762101;-0.6303486389191235
801041;-0.6470258856563618
320771;-0.6638091960140997
7781;-0.6645888323356424
6cf1953;-0.6647779629715522
1981;-0.6660786269397967
62931;-0.6667272697507656
824441;-0.6673216985637787
6cf1963;-0.6711810689787576
319051;-0.6716746562610787
151271;-0.6730407694993481
30711;-0.6797198129942856
50081;-0.6884859145844722
30481;-0.7094784244623433
822621;-0.7166607037344228
801261;-0.7175710033045846
809481;-0.7214714985785093
43951;-0.7228889129298537
800601;-0.7266985249800868
30571;-0.7320160373495561
800471;-0.7453062149998004
30701;-0.7512411177301317
63661;-0.7665831483924066
51511;-0.7806916521057943
820611;-0.7828037998180868
211;-0.8044130128953668
811221;-0.8089254543357747
797061;-0.824251214085912
618021;-0.8261752194829803
6cf1852;-0.8262231369216053
413151;-0.833728779172155
151161;-0.8428416610802891
10791;-0.8617780163381425
18061;-0.8671372539043674
780441;-0.8891104343330056
30751;-0.9143249871242851
26731;-0.9167611900644559
801521;-0.9596939810336345
29641;-0.9598164594848093
134461;-0.96498355657085
349311;-0.9694204358303828
325211;-0.9792541835928006
313481;-0.9809376844293176
561861;-0.9886948589552809
553811;-0.9987345173697442
mrt_37771trf_34_1649a;-1.0150902210261492
9111;-1.020889394262909
71791;-1.0265584186870669
610971;-1.0266172297058738
580881;-1.0364617638407054
659541;-1.054871908116933
mrt_325221trf_6_2860a;-1.0705515465168283
11391;-1.0988951559874884
6fr185;-1.101415977954158
358691;-1.1105193961721866
37881;-1.1176169503467328
71941;-1.1236716137316591
44131;-1.1301072769661857
29671;-1.1650608693580011
6421;-1.175948244033151
326351;-1.1893815241553654
655661;-1.2238906510268386
599041;-1.2281197090510432
331911;-1.228526225335031
215351;-1.2355499040375122
331991;-1.2368943256771914
mrt_724281trf_16_5003a;-1.2723500029630905
553691;-1.2894257245629888
6cf1044;-1.303311849983011
6cf1558;-1.340661606697278
mrt_581121trf_6_3721a;-1.3544799504877894
mrt_633781trf_16_3904a;-1.4774780406149297
mrt_17881trf_16_3548a;-1.5275526518366966
10561;-1.9404492723769629
69241;-1.9406591014160668
66501;-1.944721827119153
48841;-1.9566683944870746
49521;-1.9598958118596421
9691;-1.9725199223388294
21941;-1.9725462102414468
61241;-1.9884873214985461
61271;-1.9920046697960423
73991;-2.0246485636329012
74711;-2.0301914138224397
48731;-2.0354697967427775
66471;-2.0456003332648613
662561;-2.070936846300423
73961;-2.077993446310561
815081;-2.0834901124936493
818711;-2.0846562522851144
74761;-2.0850114911682773
74941;-2.0853128329997013
56901;-2.0955192182992803
11cs1939;-2.095906972199895
818911;-2.101361500521243
818821;-2.106749219556665
818191;-2.1167070616471406
818091;-2.12362076288208
818411;-2.130097372528251
817981;-2.1330681765959127
818301;-2.1370668248311944
817531;-2.167799004276656
817851;-2.1729108235359007
817761;-2.179245674874661
817351;-2.1796595636620246
817641;-2.1885099227199234
815611;-2.206209513463527
37671;-2.2165033566062604
817131;-2.225003563048162
815481;-2.244565856291402
30821;-2.2693602674049203
310331;-2.3243347266716903
801061;-2.361346296696574
800931;-2.384855827605019
60331;-2.38571099649392
800831;-2.4113513116070386
801151;-2.4187711780898375
801031;-2.451758735070648
7871;-2.4608630827631295
74141;-2.4620219618723915
7811;-2.46260774090187
8001;-2.46396980274854
37491;-2.485025349762921
320761;-2.4890712922038247
320741;-2.4897377948887964
48231;-2.4935524027172526
758521;-2.4958399967113216
822381;-2.4980638374124418
63001;-2.5002168674304244
1971;-2.502697847835403
822731;-2.5027518280574945
824691;-2.504062491127648
824461;-2.505452582538414
799881;-2.5054765364182394
824531;-2.510950849394302
46651;-2.5142199584814158
46631;-2.515929599540815
31711;-2.521303175377934
809451;-2.5304787121873495
822471;-2.538926251092903
48241;-2.5398687853677835
43981;-2.5466958750341497
822751;-2.5476824227978625
800391;-2.5493406314024405
801271;-2.5643965719529724
800611;-2.577163237845472
43941;-2.5807155846146017
820441;-2.582260057288515
801511;-2.582279014718555
46621;-2.584054917443403
809491;-2.584754291416548
809501;-2.5863004627096124
133941;-2.590414693567247
820521;-2.5905630299372824
30621;-2.5937808251164576
275541;-2.5987450463175996
800481;-2.6068054279983954
63781;-2.6221150701170366
151401;-2.6268073582266
201;-2.631084530231032
151261;-2.6437944602895307
6cf1965;-2.664051489791408
151301;-2.668777421793049
151281;-2.673905212977342
151211;-2.6920791878389885
18071;-2.692157724136681
48491;-2.694157279309767
10801;-2.6978267750073215
28721;-2.705030780382664
28611;-2.711354683656417
1891;-2.7315447144320224
71601;-2.7685147411397715
134431;-2.7838660557658983
134441;-2.7853061021424494
151171;-2.854411952922547
536711;-2.854602634574544
71201;-2.8792714459502733
37771;-2.9153894779567118
30741;-2.9286912451741927
13921;-2.947140109943522
151151;-2.948510045852217
mrt_71261trf_6_1212a;-2.972605765964751
mrt_9111trf_6_127a;-3.013107428000904
780391;-3.0146557709838504
mrt_676581trf_34_5260a;-3.0184382509920376
29661;-3.0332168975002283
561871;-3.0429243489716065
325221;-3.0452354579562027
689391;-3.047394986013888
722851;-3.0515314321142064
71221;-3.054716280220447
70261;-3.0617364993061287
71321;-3.0623361484006075
44121;-3.0701297168358224
580921;-3.135667768433084
574241;-3.1705869561743363
326341;-3.2135578599663113
11401;-3.2148823615668753
mrt_614831trf_6_3604a;-3.2193205200280985
585541;-3.2210983219765374
13951;-3.2502796792375754
376921;-3.269659583438578
580851;-3.2732681939550687
331901;-3.2750041197091697
266151;-3.3660519279730536
mrt_359221trf_16_2428a;-3.3687533984481703
mrt_331991trf_6_6394a;-3.373957216468515
56911;-3.3752646360785015
631721;-3.391690039945125
814991;-3.395931640948575
818971;-3.398907953509653
818841;-3.405386225984124
818431;-3.428479362043106
mrt_7321trf_16_3545a;-3.432051041121639
72841;-3.433125119926057
818321;-3.4354353551876073
27221;-3.4524681602246403
74131;-3.4581141043061123
817871;-3.4706503614925666
817781;-3.476879442490997
822391;-3.482083831196171
61411;-3.484974856288332
817661;-3.4862649908774763
14031;-3.487657740675047
824481;-3.5002703133973334
824551;-3.509935568572935
46751;-3.5185507787064516
722651;-3.519980718099795
46731;-3.5213895732018905
817151;-3.5234362913672044
815501;-3.542601292743118
822651;-3.5525822194894587
50021;-3.5659417476863062
790021;-3.569583099705099
134561;-3.6027312197686676
813661;-3.6049265152545615
60971;-3.608676010440618
801171;-3.618287416241902
801021;-3.655530380296817
801451;-3.703754031148641
820631;-3.7067895826735153
801411;-3.710605161335131
801291;-3.730620004576508
60551;-3.737129370389841
800641;-3.7371300308694906
18091;-3.7403433390241005
800511;-3.755936988222146
62221;-3.7611028278472
28631;-3.763300713181472
62311;-3.775385792397323
68161;-3.7905410695983512
66401;-3.791168407891611
241;-3.7932348028142293
48741;-3.79868233552968
74041;-3.8226525145577135
44361;-3.82545909760422
71611;-3.8855374340477766
73971;-3.8874406093650933
337701;-3.8980998864647667
74741;-3.9011085402743504
814981;-3.9077142336079795
16cf1637;-3.9088712502132843
818921;-3.9122548896984526
818831;-3.917805769356999
818421;-3.941331479789344
818311;-3.9484912097339233
817861;-3.984331113656115
71581;-3.990313347624248
817771;-3.990623865385917
817651;-4.000118729184361
641791;-4.036590321495385
817141;-4.037293307038276
815491;-4.056734665609216
11371;-4.0868960897177935
780401;-4.183942520919565
807731;-4.225415958749373
824561;-4.249774484093184
46741;-4.263288563703139
9061;-4.279934959920862
60341;-4.28409215994531
6fr521;-4.286031260673276
63681;-4.295065910560179
822661;-4.303215702629068
43121;-4.306100684315329
801161;-4.317983918319509
553901;-4.3263216810791185
30521;-4.342180275105012
26911;-4.351228540453189
33471;-4.354868288819894
809361;-4.357619680672613
37981;-4.361876130173172
349341;-4.37320699049425
mrt_9071trf_6_1870a;-4.373420072807974
62271;-4.3825309430118935
62921;-4.3939296173969495
44751;-4.396544495030039
61121;-4.397165379675279
7771;-4.399531035934654
44611;-4.406070321629354
151341;-4.410661883708336
824471;-4.4125004419613525
44831;-4.4193915726742645
824541;-4.420013652633571
614991;-4.427012092787237
561911;-4.428231541430598
29591;-4.432536899038983
820641;-4.441235487544596
37431;-4.441576677680747
820671;-4.442590304255692
mrt_29681trf_6_1238a;-4.44358122306485
64631;-4.443828863537227
822631;-4.452605431309969
625421;-4.452893196239774
133861;-4.458413119025515
50011;-4.460343276475971
311991;-4.462239780917983
801401;-4.472410685724789
331961;-4.474918439722931
331981;-4.47627880717377
mrt_44641trf_6_4489a;-4.478413810993821
134571;-4.487696205532753
50181;-4.4937353882007045
44641;-4.501701246640483
801281;-4.503914568724841
6cf1829;-4.50572255224694
7231;-4.509183674486472
63771;-4.513477123723444
44691;-4.515132374403109
800621;-4.517750463757363
44741;-4.528098462854256
28561;-4.5371195659505865
10861;-4.539136050245318
271;-4.543552545385602
553701;-4.547892194049428
56921;-4.553643510929014
800491;-4.553765775736011
74701;-4.5568230767638624
72851;-4.560188803849286
69231;-4.560268704576451
74951;-4.560360715232381
28641;-4.562906724538589
6fr180;-4.56317314393813
mrt_331951trf_6_1960a;-4.5659963212501395
37591;-4.570051951265388
48831;-4.570764855067164
151291;-4.576210786916608
815001;-4.587828912709046
818941;-4.589984956104367
801471;-4.59000637701557
801181;-4.5912712170715295
60991;-4.591668041259382
151221;-4.594619250352931
28741;-4.59656258623227
18081;-4.599676564863191
61261;-4.601797040689661
800732;-4.606144120541309
801421;-4.607091245979522
801301;-4.610050869245779
800631;-4.611140828791061
820621;-4.611752258419109
818521;-4.6134571173145
800501;-4.614351173465302
824501;-4.614476576040996
818441;-4.618371292301255
28621;-4.619684468207744
800712;-4.620417828801401
818331;-4.625325029971815
74771;-4.638021960255028
302181;-4.650638971156614
797071;-4.655183982555624
815091;-4.657876621219739
818701;-4.65805884935952
817881;-4.660093395095423
818621;-4.661845993725063
817791;-4.665959499301149
251;-4.669264549590899
11cs1947;-4.690221944719539
13971;-4.6952734484817
818081;-4.698095038604016
817261;-4.704531135780012
817971;-4.707735788980248
817161;-4.712019405844259
121;-4.722150207149095
815511;-4.730942546434317
817521;-4.743057086102706
71721;-4.749690344673262
817341;-4.755048765272576
817251;-4.761633976653858
815601;-4.78179018473875
72071;-4.785790768954982
790041;-4.7901247751785085
18511;-4.799467003498716
62181;-4.829119671527398
62201;-4.831512633363747
8961;-4.842651690011866
481451;-4.855592072434547
9051;-4.866305611268547
44341;-4.874166710355137
37651;-4.899489144017476
37702;-4.906299653383385
71811;-4.920056360733653
132211;-4.92877354502469
68171;-4.937359814718338
30811;-4.970216331745345
71921;-5.0028197348920145
7991;-5.021264823027387
7881;-5.026886612053133
7821;-5.034803725975113
801501;-5.03764681531964
9071;-5.047374223525864
71801;-5.0628313287257996
6cf1831;-5.064271686202726
824391;-5.068870709275366
278741;-5.073028465333692
349331;-5.076424361286907
51341;-5.07712185670043
43111;-5.080578092749516
46711;-5.08364214445805
824651;-5.091762669236196
355141;-5.099190993908689
215271;-5.109567841993577
4291;-5.121798173619894
800921;-5.127216721702137
822461;-5.134121722496371
581111;-5.135459160394348
68151;-5.142585988436043
800821;-5.161053802252624
51371;-5.162573779245388
6cf654;-5.163418292950734
331921;-5.174240019579589
30601;-5.174459676036204
mrt_722851trf_11_4785a;-5.175696141295809
331971;-5.178695705954183
809461;-5.186558502550696
133931;-5.190136202363323
7241;-5.1993557335512754
23121;-5.211958486013987
801381;-5.217093072437937
151311;-5.229689010886496
37781;-5.231295183005496
151251;-5.248106546589796
mrt_561911trf_6_3563a;-5.261101907854098
29681;-5.262040314852296
mrt_625421trf_6_3634a;-5.2627265437620885
61131;-5.267039700764315
10871;-5.274478633090332
820531;-5.2933660222733465
6fr125;-5.293662371550912
761691;-5.299658049930759
46611;-5.306458724122848
806251;-5.312289004850154
553831;-5.320085673990381
mrt_574241trf_16_3328a;-5.329255728668258
275521;-5.333513163909867
10301;-5.3406985556990065
13961;-5.3464695160187325
155721;-5.352794307055596
331881;-5.367167156945573
331951;-5.3756436217894645
61451;-5.430701525004142
17951;-5.437292402252755
790081;-5.439153818491494
721411;-5.44028251349086
mrt_13971trf_16_1140a;-5.451369094452694
642331;-5.500786828384573
134401;-5.57720263969933
134451;-5.5845783765186106
602951;-5.592685869474646
mrt_631721trf_6_3224a;-5.6055142467594585
mrt_14031trf_16_5474a;-5.712344010518269
790031;-5.724083778030504
71261;-5.887993863592769
44141;-5.902498393161931
26901;-5.929161182307762
676581;-5.944862195279473
mrt_37851trf_34_5029a;-6.031977660073167
349321;-6.0663823903622
689401;-6.07181626440909
561891;-6.106978433390413
614831;-6.129597367071728
580911;-6.139058078402584
mrt_49991trf_6_4704a;-6.139649678956445
mrt_325871trf_6_1178a;-6.189430408807347
320721;-6.226227603754854
62971;-6.229440864682225
11431;-6.285325575435845
824451;-6.295515356063856
824571;-6.303983266184197
7321;-6.349629738360402
822671;-6.3618940946768525
48261;-6.380115700660941
30511;-6.403512995680249
30561;-6.416593998271001
359221;-6.420807572642573
809371;-6.429829604714648
31691;-6.435338832790968
30691;-6.4367401807839855
16cf249;-6.4519299303341455
43921;-6.452891962754695
44761;-6.47450885810548
17911;-6.4836048806956335
148521;-6.49534829665064
44841;-6.499840611137049
820651;-6.508524089468423
64641;-6.5255161442036425
820681;-6.538596641774873
60721;-6.5862733960256
28571;-6.624508073323625
181;-6.637025825779695
28651;-6.6518394678428265
10271;-6.754158591200785
800561;-6.755725184390723
815071;-6.759742910440661
801311;-6.75987190595842
800721;-6.7601217600200805
801431;-6.76538403130364
818691;-6.7655354676644315
800741;-6.76706162681916
818601;-6.770250265687498
818511;-6.775102408991717
801201;-6.782535513730888
16cf1889;-6.7827803872821875
445011;-6.7888629513835355
21901;-6.803306372081437
818071;-6.806284737232772
641731;-6.811401963044464
817961;-6.816039420974143
549621;-6.822028480567109
74891;-6.832113321858493
74931;-6.834871022628587
817511;-6.851290693835871
817331;-6.863696648268878
818951;-6.865947408185228
792851;-6.867999362725044
815021;-6.868614477387393
817231;-6.87054343354491
21711;-6.875834533013993
818531;-6.88967517511356
815591;-6.890381458101597
818451;-6.894224709474518
818341;-6.901332943395193
9001;-6.904760556374342
319071;-6.917292773430447
319111;-6.92616011928834
817891;-6.93587833797903
817731;-6.947603330283094
817491;-6.980334941247808
824401;-6.980926817364761
817171;-6.987447831209405
72051;-6.99264287847004
824641;-6.996144869612529
824381;-6.9995256549570115
46721;-7.005943713077965
815521;-7.006238274868988
824631;-7.006464860296365
63711;-7.01589901321611
63721;-7.023315402065176
71821;-7.029984005721385
63761;-7.033077587606044
815061;-7.045893099103555
818681;-7.052207284551319
822451;-7.0535173810488345
818591;-7.0568261599058
801491;-7.059643220107695
74781;-7.0610346910368555
818501;-7.06143684892103
73361;-7.064705529882016
49991;-7.065353757234988
134531;-7.072360799804304
62191;-7.078975574854791
135312;-7.083667897595415
62281;-7.091518724429754
818061;-7.092885114409835
817951;-7.10251820023861
134521;-7.106505246177456
553911;-7.108678168399027
148501;-7.112512970438829
44381;-7.12087049213444
134321;-7.128319563508651
27781;-7.135239346252153
21891;-7.1357187502453385
817501;-7.137475703675392
50141;-7.145146154375674
809441;-7.147603142427247
133791;-7.14855373845457
817321;-7.149546302788391
817481;-7.156022462864868
622561;-7.158981974664474
686891;-7.159425407722498
133901;-7.164186879043218
31742;-7.167622865421812
43911;-7.168834775853906
44631;-7.169566714759043
809431;-7.171045691330008
60321;-7.1716890943484515
815581;-7.176006786333666
151331;-7.177233976335135
151241;-7.185670443467583
133781;-7.194576014457308
215261;-7.198677191552864
26361;-7.199869235468487
10841;-7.209197796499101
581051;-7.218560976754858
7921;-7.218652627688641
62961;-7.2200985464880105
71171;-7.23339535545745
151231;-7.233902484807356
354301;-7.234572088813831
7841;-7.240002747138465
9031;-7.24878639476869
28731;-7.253471246255934
66451;-7.261295742399518
801481;-7.261763287244619
61111;-7.263053807860651
800911;-7.277953945885503
799911;-7.278353729121694
10381;-7.282338367655111
824491;-7.2898184380804025
28711;-7.296354584536985
820511;-7.299519169371138
824581;-7.307088463569112
800811;-7.309156736417027
820421;-7.310914711182665
9011;-7.314969617682124
27241;-7.316763641238833
820501;-7.323657429940528
46601;-7.328637293545338
64681;-7.3310661893188644
820431;-7.3356574081826444
31731;-7.3361891138473325
22951;-7.338762602524099
71311;-7.343912430145501
713791;-7.347957167121617
37451;-7.352549567592732
801391;-7.354391263805425
822681;-7.363036943883412
63851;-7.371856045690652
mrt_331921trf_6_4161a;-7.376681371427303
68211;-7.378780567618893
6cs1960;-7.383013385855097
48251;-7.389306390760574
26691;-7.402713259538665
800901;-7.418148179233302
50121;-7.427588944834174
37921;-7.432521797709139
6cf1113;-7.436942180766309
800801;-7.439211498254757
31671;-7.4499382565186885
809381;-7.450319217658098
31681;-7.451926104301467
13941;-7.454069734301832
62161;-7.4549812028468985
319031;-7.456651092058184
62991;-7.457521049228248
62231;-7.46278492341844
801371;-7.471662798151058
369261;-7.472261883659023
800691;-7.493335179821976
755911;-7.501382965779133
1991;-7.519166992812064
820661;-7.53710735457836
461472;-7.537499360164023
824421;-7.547532195633423
820691;-7.553990220089485
824621;-7.559918618251455
822721;-7.6011957772409104
60651;-7.613621201725561
mrt_721411trf_16_5055a;-7.631861558161205
28581;-7.633284556226805
30461;-7.658902371759332
28661;-7.660610319445613
62171;-7.676541912567622
134411;-7.677855209160224
50091;-7.679116716293098
62241;-7.684102200855737
50131;-7.697062793102766
134311;-7.714956659597817
44621;-7.718576092447535
809421;-7.724396836320324
148511;-7.732962359037195
603651;-7.734285537667173
133891;-7.756038309286247
761701;-7.759448167487513
10391;-7.8097991992898415
801321;-7.813203530544715
61511;-7.814251404294513
800652;-7.8143777635010885
801441;-7.81690250030416
10771;-7.816950009805403
800751;-7.818162039575132
61441;-7.824674749981895
801191;-7.826259996895761
48381;-7.8296674649092886
37601;-7.832272891273387
16cf1092;-7.8361983373837525
30931;-7.837926246797039
134421;-7.84661616938612
820491;-7.861953232018166
64671;-7.867619675897146
815011;-7.8723448840554475
11cs1941;-7.873846167386766
820411;-7.878225081556089
818541;-7.89627741999448
28701;-7.897087443261746
818461;-7.900530693330612
60671;-7.912271708853584
56821;-7.914046919778979
818011;-7.933001521031944
11301;-7.935273187471353
817901;-7.942394386490335
815051;-7.947261532301283
817811;-7.954582028716423
22021;-7.9576039896222355
818581;-7.958986295689613
818491;-7.9635605831980385
72831;-7.9708251320606465
10761;-7.981549178806397
164121;-7.982131703659892
817271;-7.98736324489137
817181;-7.994099592165462
818051;-7.994811171555714
817941;-8.004276860170055
815531;-8.013201048829949
16cs1827;-8.01785026996222
37711;-8.024106985271409
817471;-8.038736863360764
817311;-8.050684848745057
60961;-8.05488476611156
817221;-8.056885270444855
21921;-8.058277042795979
819001;-8.06937639652821
815571;-8.076470265730055
800891;-8.079499382974486
800791;-8.085811979443971
801361;-8.095951894879416
800701;-8.10851066813403
461501;-8.117278894505674
319121;-8.123660953433145
71831;-8.137791240326841
780431;-8.15570767668375
71861;-8.167336243068746
824511;-8.174366579163074
824411;-8.187996114006516
824601;-8.193692756245866
10601;-8.194353693999588
57501;-8.205678715172894
29571;-8.234219243450397
37421;-8.239528649643738
822701;-8.244014134916537
603381;-8.252122441704259
792841;-8.254970734611938
23001;-8.25679863246856
mrt_26361trf_6_129a;-8.26587119788973
70251;-8.265880817397179
29651;-8.271412446821653
23071;-8.276152768396717
151321;-8.2898482300162
26741;-8.290677183705434
26761;-8.291913624646423
26781;-8.293118539208141
37851;-8.302523043420514
30501;-8.305970796685987
71181;-8.308372533594294
51501;-8.325643022680602
581061;-8.334278882895887
10781;-8.335031992893434
6cf248;-8.341100207203372
50161;-8.341692433800478
574251;-8.350448128975266
809401;-8.355420659235747
mrt_71331trf_6_1213a;-8.362570060162927
24531;-8.363900441037732
6cf140;-8.365660410813444
71331;-8.37199555221553
mrt_622561trf_6_3508a;-8.3732843010077
288361;-8.381262432358454
580891;-8.387852618221665
580901;-8.389060440404396
61091;-8.390574430931618
580941;-8.392256559350496
61141;-8.393184704304275
580951;-8.393584248449539
43051;-8.398149472998991
26701;-8.401801125794343
26751;-8.406245406752134
26771;-8.407468203027555
133871;-8.41640819201545
574261;-8.417274966941953
16cf1888;-8.423407726471506
676541;-8.428037917597258
60181;-8.43315228471366
330971;-8.435610245679559
16cf1723;-8.439457846097437
6fr1830;-8.440026384226059
mrt_326251trf_6_4249a;-8.444877869186612
325871;-8.44591752328408
10411;-8.446071004778418
10421;-8.447433174217146
10431;-8.448464952495488
66621;-8.4494071721364
mrt_50091trf_6_733a;-8.452526936229823
561901;-8.455906247971104
71301;-8.464050871589958
mrt_689431trf_6_5472a;-8.469592974880523
820701;-8.470830338583905
313521;-8.476853532341536
11241;-8.485384869192636
11251;-8.487799825566029
mrt_72051trf_16_302a;-8.490408854953536
561881;-8.490688877989328
820391;-8.504393736173839
475901;-8.514720421493767
28591;-8.51657664899535
mrt_37951trf_34_1581a;-8.519168887643037
10031;-8.523714985439398
26681;-8.525160549342807
60711;-8.540235172662204
mrt_11251trf_6_1475a;-8.542139586602115
28681;-8.547396095572154
37911;-8.555322759737688
326231;-8.560259020628934
71131;-8.574240596596344
mrt_9031trf_6_3538a;-8.598970227289787
780421;-8.611450415416144
7341;-8.655121965578871
mrt_27781trf_16_1144a;-8.670076955071416
615281;-8.676516982743326
74011;-8.699259947360936
72871;-8.70004414414105
mrt_13941trf_16_2916a;-8.701630214867233
818981;-8.702875392824936
815031;-8.707223954170761
790091;-8.709102889174368
73921;-8.722364443793989
818561;-8.724438227900713
30901;-8.725340085573634
21721;-8.727972055631845
818481;-8.728750164613981
7831;-8.732927547876315
801221;-8.736509836423771
800771;-8.738451669934477
319131;-8.738859887343121
62401;-8.739658436343934
801341;-8.739819035030532
800671;-8.744887036176426
63011;-8.75834912866814
319041;-8.759916651698969
818031;-8.760663523437145
mrt_615281trf_6_3012a;-8.768795517560424
817921;-8.770137279955897
553891;-8.77135283622669
817821;-8.778078731615885
824521;-8.793983559613654
689431;-8.797144515478305
580931;-8.804451004159198
7721;-8.80579753111013
824591;-8.809168703464806
817291;-8.816130730294567
581091;-8.821181674052347
2001;-8.82224108067933
817201;-8.822271010502863
57511;-8.822604632495949
815551;-8.84168608829037
824431;-8.853920279265306
29561;-8.855543584866567
37461;-8.857771581400833
37411;-8.85903113033078
822691;-8.861875845558352
824611;-8.864572447352401
17891;-8.865288806531687
48781;-8.890412942247089
337681;-8.890837111173173
24501;-8.893377575834315
44081;-8.90539900770781
822711;-8.911336649625785
313511;-8.912375956463979
151181;-8.913135069797697
22991;-8.916257253550057
326251;-8.923258963177492
23061;-8.935484587571729
30531;-8.937705768017832
26881;-8.956412167075552
134371;-8.961251748717498
mrt_7381trf_16_6460a;-8.975091530203755
37971;-8.975624603921947
30471;-8.977093625926265
31661;-8.978761706411511
37951;-8.981250479564398
809391;-8.982483442090896
676551;-8.98253939373219
mrt_616141trf_6_3507a;-9.010763384878558
66431;-9.026488402746274
50171;-9.032017198870445
809411;-9.043689592248455
60171;-9.047801098603522
mrt_26791trf_34_1018a;-9.052237744825614
42441;-9.060366779826083
42481;-9.066103300964492
mrt_790051trf_16_6019a;-9.070877928673848
133881;-9.075862267770319
mrt_11291trf_6_1138a;-9.095358823915266
820711;-9.10481952714089
63251;-9.120203113422228
28601;-9.138152300645459
64711;-9.14678233856107
820751;-9.147636254280954
359211;-9.155416375099982
28671;-9.16219100799239
780411;-9.162311622824102
60571;-9.179619479492935
64661;-9.192827789086422
mrt_71741trf_6_1139a;-9.207045219704817
820401;-9.2107382324339
28691;-9.212960404951534
7381;-9.231785111760654
51481;-9.240883102338753
60681;-9.243603491342895
60701;-9.243798913432517
56851;-9.289707092032927
56861;-9.294125236735404
13861;-9.296159269719208
818931;-9.309336076511212
815041;-9.309811874303833
11cf1908;-9.310448333758448
164111;-9.313253874314302
790051;-9.314813109546343
74021;-9.31595275312036
72861;-9.321235996172799
818571;-9.324378131364515
818641;-9.32843615548179
349301;-9.329538453281788
818551;-9.330871939866231
72821;-9.333721378514308
818471;-9.335163246572513
73911;-9.340144404782063
37611;-9.34144770596647
62391;-9.357160200826549
818041;-9.360517657392315
30891;-9.361451584025623
581081;-9.365828602376862
818021;-9.367598747534018
817931;-9.370023295261166
703601;-9.372085950591067
817911;-9.377082052764703
817831;-9.378060362261689
800761;-9.38343013696877
817801;-9.384815630849992
801331;-9.38715593296595
801461;-9.387462159655048
800661;-9.391147097657523
253031;-9.40546355855123
21731;-9.412603342130176
45671;-9.415995910531151
817301;-9.416426419465814
817211;-9.422661404080582
817281;-9.423030086297512
817191;-9.429376554453349
12cs1935;-9.434274462810098
61431;-9.43523307377367
800881;-9.43607145833995
21911;-9.43695004665631
800781;-9.44159257696058
815561;-9.442179945250118
815541;-9.448588276533393
801351;-9.45006406606382
312011;-9.458820549829621
800681;-9.458865942413532
313471;-9.459065489584471
474661;-9.467352292395269
625411;-9.47139748384387
330951;-9.473347432966943
43101;-9.482440447244265
48771;-9.509987860763193
mrt_8911trf_6_3820a;-9.550766502946573
mrt_27271trf_16_5730a;-9.560640326074875
7221;-9.57033387543132
37931;-9.57182715098405
10591;-9.583588467383013
10741;-9.588389879001742
10751;-9.589875899258324
11291;-9.593148056970964
764471;-9.602838227860406
mrt_709151trf_6_3256a;-9.623941884025964
66461;-9.646376906259892
66441;-9.646885701189195
mrt_619011trf_34_5142a;-9.66648203394881
750631;-9.667171645915932
mrt_11411trf_6_1146a;-9.701815356466415
796401;-9.708967479988562
42431;-9.713776413917412
30961;-9.71731901286357
mrt_71891trf_6_1145a;-9.727038218316508
42491;-9.779092535852048
62151;-9.782315072114567
30911;-9.795022284911212
60241;-9.804353652420893
793981;-9.808883570794272
71841;-9.841594351383343
71741;-9.842253806635018
51491;-9.899013425565556
71141;-9.912468689123475
68341;-9.913811699042462
71851;-9.969178817508773
13851;-9.982328324298258
6cf953;-10.025032251122028
581071;-10.059950121595172
641011;-10.100322769656426
13881;-10.132589177076287
349291;-10.154399977277457
8911;-10.154997057569066
66611;-10.157510721426334
801211;-10.161684883770235
27271;-10.164046203601892
326321;-10.171079250234651
625401;-10.17767211923941
581101;-10.188768415528248
mrt_43051trf_16_3221a;-10.22743879462561
709151;-10.232007193943335
16cf1887;-10.236636439829642
45661;-10.243754427567314
326211;-10.265659732826663
619011;-10.2680586497572
mrt_330971trf_6_2064a;-10.280507659144764
71291;-10.283530307033626
6cf199;-10.289148649489569
11411;-10.289839001246534
44091;-10.29212693773382
10372;-10.29520783893188
312001;-10.301513210421806
616141;-10.302812429928995
mrt_42481trf_11_132a;-10.340547967471302
26791;-10.351732829665092
71891;-10.35274690827135
mrt_474661trf_6_3019a;-10.368173892352033
37891;-10.36818947983852
mrt_475901trf_6_3013a;-10.38687534574953
mrt_330951trf_6_2887a;-10.404769257932106
16cf1699;-10.540288556639432
mrt_793981trf_16_6122a;-10.797825651003858
